cluster,size,share_pct,theme_family,working_label,mean_valence,pct_negative,pct_neutral,pct_positive,discourse_framing_hypothesis,llm_discourse_framing_hypothesis,framing_agreement,final_discourse_framing,final_framing_notes
25,58,1.5925315760571115,technical_safety,"AI Alignment, Control Problems & Human-Compatible AGI",-0.069,15.517,75.862,8.621,alignment_skepticism,ai_alignment_as_technical_challenge,close,alignment_feasibility_debate,"Final framing synthesizes the human emphasis on skepticism about whether alignment is truly achievable with the LLM emphasis on alignment as a technical research challenge. The cluster is best understood not as pure technical optimism or pure doom, but as a debate over the feasibility and adequacy of alignment as a control strategy for advanced AI systems."
15,76,2.086765513454146,business_markets,Enterprise AI Infrastructure & Regulated-Industry Adoption,0.447,0.0,55.263,44.737,regulated_enterprise_ai_hype,enterprise_ai_scalability_and_compliance,same,regulated_enterprise_ai_adoption,"Human and LLM interpretations were broadly aligned. Final framing emphasizes enterprise AI adoption in regulated industries, where scalability, infrastructure, and compliance are presented not as obstacles but as conditions that make AI deployment credible, governable, and investable."
3,363,9.967051070840197,business_markets,"AI Markets, Investment Narratives & Data Center Economics",0.099,12.121,65.84,22.039,ai_growth_thesis,ai_economic_uncertainty,same,ai_market_growth_and_uncertainty,"Human and LLM interpretations were broadly aligned. Final framing treats the cluster as a market-oriented AI discourse in which growth expectations, data-center buildout, and revenue narratives are discussed together with uncertainty about monetization, volatility, and long-term investment sustainability."
2,144,3.9538714991762767,military_security,"Military AI, Pentagon Pressure & Safety Guardrails",-0.297,32.121,65.455,2.424,security_alarm,ai_guardrails_vs_military_expansion,same,military_expansion_vs_ai_guardrails,"Human and LLM interpretations were strongly aligned. Final framing emphasizes the conflict between military expansion and AI safety guardrails, where Pentagon pressure to relax safeguards is discussed as a broader security and governance alarm around surveillance, weaponization, and the erosion of safety norms."
19,58,1.5925315760571115,philosophy_personhood,"AI Companionship, Personhood & Human-AI Emotional Ethics",-0.034,20.69,62.069,17.241,ai_personhood_discussion,ai_sentience_ethical_dilemma,close,ai_personhood_and_sentience_ethics,"Final framing synthesizes the human emphasis on personhood, authenticity, and relational unease with the LLM emphasis on sentience and ethical dilemma. The cluster is best understood as a mixed discussion of AI moral status, emotional attachment, and discomfort with AI entering intimate and cultural domains such as books, relationships, and identity."
13,130,3.5694673256452503,regional_policy_progress,"India AI Policy, Summit Narratives & National Progress Discourse",0.169,13.077,56.923,30.0,national_ai_progress_india,ai_progress_vs_safety_concerns,same,india_ai_progress_with_governance_tensions,"Human and LLM interpretations were broadly aligned. Final framing treats the cluster as an India-centered AI progress discourse in which summit narratives, national ambition, and governance optimism are discussed together with emerging concerns about jobs, productivity, safety, and whether current AI progress is delivering on its promises."
9,280,7.688083470620538,labour_jobs,"AI Job Replacement, Automation Anxiety & Labour Futures",-0.336,37.705,58.197,4.098,labour_anxiety,ai_jobs_automation_anxiety,same,labour_anxiety,"Human and LLM interpretations were strongly aligned. Final framing treats the cluster as a labour-anxiety discourse in which AI is discussed as a threat to jobs, employability, and economic stability, even when some posts push back against full replacement narratives or argue for more limited task reshaping."
0,75,2.059308072487644,policy_regulation,"EU AI Act, Compliance & Sovereign European AI",-0.013,10.256,80.769,8.974,policy_pragmatism,eu_ai_compliance_practical_challenges,same,policy_pragmatism,"Human and LLM interpretations were broadly aligned. Final framing treats the cluster as policy-pragmatic discourse around the EU AI Act, where compliance work, auditability, and risk classification are discussed both as implementation burdens and as strategic instruments for European AI sovereignty."
6,55,1.5101592531576058,business_markets,"AI SaaS Monetization, Pricing & Commercial Adoption",-0.145,27.273,60.0,12.727,ai_unit_economics,ai_economic_extraction_concerns,close,ai_unit_economics_and_platform_extraction,"Final framing synthesizes the human emphasis on AI unit economics with the LLM emphasis on platform-level extraction. The cluster is best understood as a commercial discourse about whether AI SaaS, agent products, and content tools can generate sustainable value under expensive billing models, while hyperscalers and large platforms capture a disproportionate share of the upside."
14,68,1.8671059857221308,policy_regulation,"State-Level AI Regulation, Child Safety & AI Personhood Debates",-0.234,23.377,76.623,0.0,governance_concern,ai_regulation_political_controversy,close,state_level_ai_governance_and_harm_prevention,"Final framing keeps the human emphasis on governance as a response to concrete harms, while incorporating the LLM's observation that these regulatory debates are politically charged. The cluster is best understood as state-level AI governance discourse focused on harm prevention, child safety, accountability, and local control over everyday AI use."
11,51,1.400329489291598,creative_labour,"AI Art Ethics, Artist Backlash & Creative Displacement",-0.323,43.077,46.154,10.769,creative_backlash,ai_art_oppression_vs_exploitation,same,creative_backlash,"Human and LLM interpretations were broadly aligned. Final framing treats the cluster as a creative-backlash discourse centered on artistic legitimacy, authorship, labour displacement, and resentment toward AI-generated visuals as a threat to human creative identity and value."
21,99,2.7182866556836904,normative_ethics,Ethical AI Debate & Normative Anti-AI Discourse,-0.111,15.152,80.808,4.04,normative_rejection,ai_ethics_critical_skepticism,close,normative_ai_ethics_skepticism,"Final framing synthesizes the human emphasis on categorical moral rejection with the LLM emphasis on broader ethical skepticism. The cluster is best understood as a normative AI-ethics discourse in which many posts reject the possibility of ethical AI outright, while others engage more conditionally with the question of whether any justified or less harmful uses are possible."
10,68,1.8671059857221308,authenticity_platforms,"AI-Generated Image Detection, Authenticity & Scam Suspicion",-0.485,51.471,45.588,2.941,daily_authenticity_policing,ai_detection_skepticism,close,daily_authenticity_policing,"Final framing keeps the human emphasis on everyday authenticity policing while incorporating the LLM's focus on scrutiny and verification. The cluster is best understood as a platform-trust discourse in which users try to detect AI-generated images, undisclosed synthetic content, scams, and misleading marketplace or social-media posts that are presented as genuine."
27,115,3.1576057111477205,technical_safety,"Prompt Injection, Guardrails & Agent Security",-0.172,23.881,69.403,6.716,guardrail_security,ai_guardrails_security_risk,same,guardrail_security,"Human and LLM interpretations were broadly aligned. Final framing treats the cluster as a guardrail-security discourse centered on prompt injection, exposed credentials, unsafe tool use, and the practical hardening of LLM agent systems against application-level security failures."
12,73,2.0043931905546404,authenticity_platforms,"Botified Platforms, AI Accounts & Synthetic Content Spam",-0.554,56.923,41.538,1.538,authenticity_panic,ai_accountability_critique,close,authenticity_panic,"Final framing keeps the human emphasis on authenticity panic while incorporating the LLM's observation that this panic is often expressed as an accountability critique of AI platforms and synthetic content systems. The cluster is best understood as a highly negative discourse about AI degrading the integrity of online spaces through botified feeds, synthetic posting, slop, and the erosion of trust in whether digital actors are real."
20,98,2.6908292147171884,education_governance,"AI Regulation in Schools, Academic Use & Social Harm",-0.378,39.796,58.163,2.041,social_harm_regulation,ai_regulation_critique,close,social_harm_regulation,"Final framing keeps the human emphasis on regulation as a response to concrete social harms, while incorporating the LLM's observation that these harms are often discussed alongside frustration with inconsistent or hypocritical enforcement. The cluster is best understood as a strongly negative discourse about AI-related harms in schools and everyday life, framed as requiring stricter institutional rules, liability, and oversight."
26,365,10.0219659527732,technical_safety,"AI Agents, Workflow Automation & Operational Risk",0.007,12.111,75.087,12.803,operational_opportunity_risk,ai_agents_security_and_control,same,operational_opportunity_risk,"Human and LLM interpretations were broadly aligned. Final framing treats the cluster as an operational opportunity-and-risk discourse in which AI agents are discussed as useful workflow infrastructure, but only under conditions of governance, security controls, auditability, and safeguards against drift, unsafe actions, and loss of organizational control."
8,143,3.9264140582097746,lab_politics_trust,"OpenAI / GPT-4o Backlash, User Trust & Safety Complaints",-0.415,44.898,51.701,3.401,trust_backlash,ai_abandonment_and_alignment_crisis,same,trust_backlash,"Human and LLM interpretations were strongly aligned. Final framing treats the cluster as a trust-backlash discourse in which OpenAI's model deprecations, tighter safety behavior, and perceived corporate shifts are experienced as abandonment, censorship, and a breach of users' psychological and practical reliance on the product."
16,62,1.7023613399231192,technical_safety,"LLM Safety, Evaluation, Jailbreaks & Technical Red-Teaming",-0.065,14.516,77.419,8.065,technical_vigilance,technical_llm_evaluation_and_safety,same,technical_vigilance,"Human and LLM interpretations were broadly aligned. Final framing treats the cluster as a technical-vigilance discourse focused on monitoring, probing, and diagnosing LLM behavior through evaluation frameworks, jailbreak analysis, red-teaming, and empirical investigation of concrete failure modes."
17,218,5.985722130697419,labour_jobs,"AI-Era Job Search, Resumes & Hiring Friction",-0.05,20.642,63.761,15.596,ai_era_job_search_frustration,career_uncertainty_ai_transition,same,ai_era_job_search_frustration,"Human and LLM interpretations were broadly aligned. Final framing treats the cluster as an AI-era job-search frustration discourse centered on resume optimization, interview scarcity, role competition, and the pressure to stay employable in a rapidly shifting AI/ML labor market."
18,77,2.114222954420648,lab_politics_trust,Anthropic Safety Retrenchment & Alignment Credibility,-0.341,36.406,61.29,2.304,lab_safety_trust_collapse,ai_risk_urgency,close,lab_safety_trust_collapse,"Final framing keeps the human emphasis on the collapse of trust in safety-first lab narratives while incorporating the LLM's observation that this discourse is driven by perceived urgency around AI risk. The cluster is best understood not simply as a general AI-risk warning, but as a credibility crisis in which Anthropic's safety commitments are seen as weakened, performative, or compromised by political and military pressure."
4,96,2.6359143327841847,lab_politics_trust,OpenAI vs Anthropic Safety Debate,-0.233,38.333,46.667,15.0,lab_rivalry_and_safety_positioning,ai_corporate_crisis_and_safety_concerns,close,lab_rivalry_and_safety_positioning,"Final framing keeps the human emphasis on lab rivalry and comparative safety positioning, while incorporating the LLM's observation that this rivalry is often expressed through criticism of OpenAI's leadership, governance, and broken promises. The cluster is best understood as a public-trust discourse in which OpenAI and Anthropic are contrasted as competing safety actors rather than simply as firms in corporate crisis."
24,72,1.9769357495881383,philosophy_personhood,Philosophical / Metaphysical AI Consciousness & Cognitive Theory,0.0,1.389,97.222,1.389,metaphysical_cognition_in_ai,systems_physics_of_cognition,close,metaphysical_and_systems_cognition,"Final framing synthesizes the human emphasis on metaphysical and quasi-theological cognition discourse with the LLM emphasis on systems-level and physical accounts of cognition. The cluster is best understood as a mixed philosophical discourse in which AI consciousness, agency, truth, and alignment are discussed through both speculative metaphysical language and systems-oriented theories of mind."
